{"loss": [7.277562618255615, 3.6915462017059326], "accuracy": [0.03566710650920868, 0.04548028111457825], "val_loss": [3.3772590160369873, 15.331576347351074], "val_accuracy": [0.05690440163016319, 0.034142639487981796]}